LavatoryID	Description	City	Street	Number (Time)	PostalCode	Country	Longitude	Latitude	isOwnedByWall	isHandicappedAccessible	Price	canBePayedWithCoins	canBePayedInApp	canBePayedWithNFC	hasChangingTable	LabelID
Wall_101003	Toilette Ottmachauer Steig (oberhalb Badestelle Ostufer)	Berlin	Krumme Lanke, Quermatenweg	(0-24 Uhr)	14109	Deutschland	13,24057481	52,45358117	1	0	0	0	0	0	0	5
Wall_10357	Wall CT, Ostseestr.	Berlin	Ostseestr.	1 (0-24 Uhr)	10409	Deutschland	13,43050531	52,55108292	1	1	0,5	1	0	0	0	2
Wall_112911	Toilette Uferweg	Berlin	Schlachtensee , Am Schlachtensee	ggü. 145 (0-24 Uhr)	14129	Deutschland	13,19922876	52,43650689	1	0	0	0	0	0	0	5
Wall_115753	Toilette Am Kiesteich 50	Berlin	Spektepark	(0-24 Uhr)	13589	Deutschland	13,16485933	52,54883988	1	0	0	0	0	0	0	5
Wall_116739	Wall CT, Lindenufer	Berlin	Lindenufer	ggü. 10 (0-24 Uhr)	13597	Deutschland	13,20776401	52,53735111	1	1	0,5	1	1	0	0	1
Wall_116752	Wall CT, Friedhof Eythstr., Eythst.	Berlin	Friedhof Eythstr., Eythst.	1-25 (0-24 Uhr)	12105	Deutschland	13,36647416	52,45960764	1	1	0,5	1	1	0	0	1
Wall_118285	Wall CT, Weberwiese, Marchlewskistr.	Berlin	Weberwiese, Marchlewskistr.	ggü. 16 (0-24 Uhr)	10243	Deutschland	13,44277931	52,5160935	1	1	0,5	1	1	0	0	1
Wall_11952	Toilette Rüdesheimer Str.	Berlin	Rüdesheimer Platz	6 (0-24 Uhr)	14197	Deutschland	13,314755	52,473363	1	0	0	0	0	0	0	4
Wall_11953	Toilette Leuthener Str.	Berlin	Leuthener Platz , Naumannstr.	(0-24 Uhr)	10829	Deutschland	13,363288	52,481146	1	0	0	0	0	0	0	4
Wall_119670	Toilette Bulgarische Str.	Berlin	Treptower Park, Weltspielplatz/Alt-Treptow	(7-22 Uhr)	12435	Deutschland	13,48005605	52,48551872	1	0	0,5	0	0	0	0	5
Wall_119671	Toilette	Berlin	S Bhf. Treptower Park, Stern und Kreisschiffahrt/Puschkinallee	15 (7-22 Uhr)	12435	Deutschland	13,46334589	52,49342186	1	0	0,5	0	0	0	0	5
Wall_119989	Wall CT, Pestalozzistr.	Berlin	Pestalozzistr.	77 (0-24 Uhr)	10627	Deutschland	13,306683	52,5078805	1	1	0,5	1	1	0	0	1
Wall_119990	Wall CT, Preußenallee	Berlin	Preußenallee	(0-24 Uhr)	14052	Deutschland	13,26015043	52,51614784	1	1	0,5	1	1	0	0	1
Wall_119991	Wall CT, Hochmeisterplatz, Westfälische Str.	Berlin	Hochmeisterplatz, Westfälische Str.	ggü. 70 (0-24 Uhr)	10709	Deutschland	13,29939664	52,49529797	1	1	0,5	1	1	0	0	1
Wall_119992	Wall CT, Humboldthain, Gustav-Meyer-Allee	Berlin	Humboldthain, Gustav-Meyer-Allee	(0-24 Uhr)	13355	Deutschland	13,39051341	52,54474837	1	1	0,5	1	1	0	0	1
Wall_119994	Wall CT, Alt-Moabit	Berlin	Alt-Moabit	ggü. 81-82 (0-24 Uhr)	10555	Deutschland	13,3355016	52,52499595	1	1	0,5	1	1	0	0	1
Wall_119995	Wall CT, Buddeplatz (S-Bhf. Tegel), Buddestr.	Berlin	Buddeplatz (S-Bhf. Tegel), Buddestr.	ggü. 12 (0-24 Uhr)	13507	Deutschland	13,28855267	52,58809291	1	1	0,5	1	1	0	0	1
Wall_119996	Wall CT, Göschenplatz, Oranienburger Str.	Berlin	Göschenplatz, Oranienburger Str.	185 (0-24 Uhr)	13437	Deutschland	13,33233623	52,59754508	1	1	0,5	1	1	0	0	1
Wall_119997	Wall CT, Am Märchenbrunnen, Friedenstr.	Berlin	Am Märchenbrunnen, Friedenstr.	ggü. 4 (0-24 Uhr)	10249	Deutschland	13,42739337	52,52711565	1	1	0,5	1	1	0	0	1
Wall_119998	Wall CT, Forckenbeckplatz, Eldenaer Str.	Berlin	Forckenbeckplatz, Eldenaer Str.	ggü. 44-45 (0-24 Uhr)	10247	Deutschland	13,46108994	52,51995535	1	1	0,5	1	1	0	0	1
Wall_119999	Wall CT, Degnerstr.	Berlin	Degnerstr.	5 (0-24 Uhr)	13053	Deutschland	13,49426207	52,54559582	1	1	0,5	1	1	0	0	1
Wall_120000	Wall CT, Gürtelstr.	Berlin	Gürtelstr.	(0-24 Uhr)	10247	Deutschland	13,47697618	52,51314661	1	1	0,5	1	1	0	0	1
Wall_120001	Wall CT, Kladower Damm	Berlin	Kladower Damm	387 (0-24 Uhr)	14089	Deutschland	13,14391838	52,45375126	1	1	0,5	1	1	0	0	1
Wall_120002	Wall CT, Hellersdorfer Str.	Berlin	Hellersdorfer Str.	78 (0-24 Uhr)	12619	Deutschland	13,5884471	52,52086724	1	1	0,5	1	1	0	0	1
Wall_120003	Wall CT, Ahrensfelder Platz	Berlin	Ahrensfelder Platz	(0-24 Uhr)	12689	Deutschland	13,56583554	52,57009937	1	1	0,5	1	1	0	0	1
Wall_120004	Wall CT, Lipschitzplatz	Berlin	Lipschitzplatz	(0-24 Uhr)	12353	Deutschland	13,46317976	52,42383789	1	1	0,5	1	1	0	0	1
Wall_120005	Wall CT, Richardplatz	Berlin	Richardplatz	17 (0-24 Uhr)	12055	Deutschland	13,44538488	52,4740719	1	1	0,5	1	1	0	0	1
Wall_120006	Wall CT, Kollwitzplatz, Kollwitzstr.	Berlin	Kollwitzplatz, Kollwitzstr.	ggü. 56A (0-24 Uhr)	10435	Deutschland	13,417025	52,53558335	1	1	0,5	1	1	0	0	1
Wall_120007	Wall CT, Elsa-Brändström-Str.	Berlin	Elsa-Brändström-Str.	2 (0-24 Uhr)	13189	Deutschland	13,41353517	52,55983408	1	1	0,5	1	1	0	0	1
Wall_120008	Wall CT, Alt-Mariendorf	Berlin	Alt-Mariendorf	33 (0-24 Uhr)	12107	Deutschland	13,38791218	52,44015873	1	1	0,5	1	1	0	0	1
Wall_120009	Wall CT, Hauptstr.	Berlin	Hauptstr.	128 (0-24 Uhr)	10827	Deutschland	13,35281188	52,48432516	1	1	0,5	1	1	0	0	1
Wall_120010	Wall CT, Argentinische Allee	Berlin	Argentinische Allee	(0-24 Uhr)	14163	Deutschland	13,24017109	52,44234287	1	1	0,5	1	1	0	0	1
Wall_120011	Wall CT, S-Bhf. Zehlendorf, Teltower Damm	Berlin	S-Bhf. Zehlendorf, Teltower Damm	37-39 (0-24 Uhr)	14165	Deutschland	13,259629	52,430962	1	1	0,5	1	1	0	0	1
Wall_120012	Wall CT, Brauerstr.	Berlin	Brauerstr.	ggü. 1 (0-24 Uhr)	12209	Deutschland	13,326157	52,427696	1	1	0,5	1	1	0	0	1
Wall_120013	Wall CT, S-Bhf. Grünau, Wassersportallee	Berlin	S-Bhf. Grünau, Wassersportallee	(0-24 Uhr)	12527	Deutschland	13,574246	52,413678	1	1	0,5	1	1	0	0	1
Wall_120014	Wall CT, Sterndamm	Berlin	Sterndamm	8-10 (0-24 Uhr)	12487	Deutschland	13,50934272	52,45369117	1	1	0,5	1	1	0	0	1
Wall_120015	Wall CT, S-Bhf. Köpenick, Stellingdamm	Berlin	S-Bhf. Köpenick, Stellingdamm	ggü. 1 (0-24 Uhr)	12555	Deutschland	13,58021912	52,45884687	1	1	0,5	1	1	0	0	1
Wall_120016	Wall CT, Kiefholzstr.	Berlin	Kiefholzstr.	258 (0-24 Uhr)	12437	Deutschland	13,48680536	52,46589117	1	1	0,5	1	1	0	0	1
Wall_120017	Wall CT, Plesser Str.	Berlin	Plesser Str.	7 (0-24 Uhr)	12435	Deutschland	13,45114979	52,48906464	1	1	0,5	1	1	0	0	1
Wall_120018	Wall CT, Schivelbeiner Str.	Berlin	Schivelbeiner Str.	1 (0-24 Uhr)	10439	Deutschland	13,41343229	52,55067675	1	1	0,5	1	1	0	0	1
Wall_120019	Wall CT, Bornholmer Str.	Berlin	Bornholmer Str.	94 (0-24 Uhr)	10439	Deutschland	13,41329416	52,55375525	1	1	0,5	1	1	0	0	1
Wall_120020	Wall CT, Steglitzer Damm	Berlin	Steglitzer Damm	ggü. 3 (0-24 Uhr)	12167	Deutschland	13,33620516	52,45100851	1	1	0,5	1	1	0	0	1
Wall_120021	Wall CT, Leonorenstr.	Berlin	Leonorenstr.	ggü. 67 (0-24 Uhr)	12247	Deutschland	13,34311524	52,43895764	1	1	0,5	1	1	0	0	1
Wall_120022	Wall CT, Platz der Luftbrücke, Tempelhofer Damm	Berlin	Platz der Luftbrücke, Tempelhofer Damm	(0-24 Uhr)	12101	Deutschland	13,38683242	52,48424032	1	1	0,5	1	1	0	0	1
Wall_120023	Wall CT, Kurt-Schumacher-Platz, Scharnweberstr.	Berlin	Kurt-Schumacher-Platz, Scharnweberstr.	ggü. 19 (0-24 Uhr)	13405	Deutschland	13,32671558	52,56391959	1	1	0,5	1	1	0	0	1
Wall_120024	Wall CT, Gudrunstr.	Berlin	Gudrunstr.	20 (0-24 Uhr)	10365	Deutschland	13,50882	52,51505	1	1	0,5	1	1	0	0	1
Wall_120185	Wall CT, Urbanstr.	Berlin	Urbanstr.	21 (0-24 Uhr)	10961	Deutschland	13,4085659	52,49274405	1	1	0,5	1	1	0	0	1
Wall_120186	Wall CT, Planufer	Berlin	Planufer	(0-24 Uhr)	10967	Deutschland	13,41983203	52,49567026	1	1	0,5	1	1	0	0	1
Wall_120188	Wall CT, Gneisenaustr.	Berlin	Gneisenaustr.	39 (0-24 Uhr)	10961	Deutschland	13,398054	52,490534	1	1	0,5	1	1	0	0	1
Wall_120189	Wall CT, Görlitzer Park, Wiener Str.	Berlin	Görlitzer Park, Wiener Str.	59A (0-24 Uhr)	10999	Deutschland	13,43915689	52,49505807	1	1	0,5	1	1	0	0	1
Wall_120190	Wall CT, Platz der Vereinten Nationen, Landsberger Allee	Berlin	Platz der Vereinten Nationen, Landsberger Allee	(0-24 Uhr)	10249	Deutschland	13,43298563	52,52350857	1	1	0,5	1	1	0	0	1
Wall_120191	Wall CT, Erich-Steinfurth-Str.	Berlin	Erich-Steinfurth-Str.	(0-24 Uhr)	10243	Deutschland	13,43455729	52,51147737	1	1	0,5	1	1	0	0	1
Wall_120193	Wall CT, Wühlischplatz, Wühlischstr.	Berlin	Wühlischplatz, Wühlischstr.	ggü. 11 (0-24 Uhr)	10245	Deutschland	13,46391551	52,50790004	1	1	0,5	1	1	0	0	1
Wall_120205	Wall CT, Grellstr.	Berlin	Grellstr.	39 (0-24 Uhr)	10409	Deutschland	13,43822268	52,54148322	1	1	0,5	1	1	0	0	1
Wall_120206	Wall CT, Bülowstr.	Berlin	Bülowstr.	ggü. 49 (0-24 Uhr)	10829	Deutschland	13,36691412	52,49385169	1	1	0,5	1	1	0	0	1
Wall_120207	Wall CT, Reinickendorfer Str.	Berlin	Reinickendorfer Str.	9 (0-24 Uhr)	13347	Deutschland	13,3699105	52,54161114	1	1	0,5	1	1	0	0	1
Wall_120208	Wall CT, Osloer Str.	Berlin	Osloer Str.	18 (0-24 Uhr)	13359	Deutschland	13,3843708	52,55596141	1	1	0,5	1	1	0	0	1
Wall_120209	Wall CT, Köllnischer Park, Rungestr.	Berlin	Köllnischer Park, Rungestr.	31 (0-24 Uhr)	10179	Deutschland	13,41357257	52,51270771	1	1	0,5	1	1	0	0	1
Wall_120210	Wall CT, Dürerplatz	Berlin	Dürerplatz	5 (0-24 Uhr)	12157	Deutschland	13,34150163	52,46954341	1	1	0,5	1	1	0	0	1
Wall_120211	Wall CT, Priesterweg	Berlin	Priesterweg	S-Bahnhof (0-24 Uhr)	12157	Deutschland	13,355711	52,459251	1	1	0,5	1	1	0	0	1
Wall_120212	Wall CT, Marienfelder Allee	Berlin	Marienfelder Allee	144-146 (0-24 Uhr)	12277	Deutschland	13,36315439	52,41349844	1	1	0,5	1	1	0	0	1
Wall_120213	Wall CT, Friedrichstr.	Berlin	Friedrichstr.	ggü. 10-11 (0-24 Uhr)	10969	Deutschland	13,391234	52,501269	1	1	0,5	1	1	0	0	1
Wall_120214	Wall CT, Im Domstift	Berlin	Im Domstift	(0-24 Uhr)	12309	Deutschland	13,41016173	52,38777878	1	1	0,5	1	1	0	0	1
Wall_120215	Wall CT, Nöldnerplatz, Archibaldweg	Berlin	Nöldnerplatz, Archibaldweg	(0-24 Uhr)	10317	Deutschland	13,48398	52,50302	1	1	0,5	1	1	0	0	1
Wall_120216	Wall CT, Marzahner Promenade (Fußgängerzone)	Berlin	Marzahner Promenade (Fußgängerzone)	30-33 (0-24 Uhr)	12679	Deutschland	13,549245	52,544367	1	1	0,5	1	1	0	0	1
Wall_120222	Wall CT, Waldstr.	Berlin	Waldstr.	1 (0-24 Uhr)	10551	Deutschland	13,33060649	52,52741489	1	1	0,5	1	1	0	0	1
Wall_120223	Wall CT, Hugenottenplatz, Schweizer Tal	Berlin	Hugenottenplatz, Schweizer Tal	ggü. 48 (0-24 Uhr)	13127	Deutschland	13,42056481	52,60714453	1	1	0,5	1	1	0	0	1
Wall_120224	Wall CT, Hohenzollerndamm	Berlin	Hohenzollerndamm	(0-24 Uhr)	14199	Deutschland	13,28197635	52,47694105	1	1	0,5	1	1	0	0	1
Wall_120225	Wall CT, Wilhelminenhofstr.	Berlin	Wilhelminenhofstr.	54 (0-24 Uhr)	12459	Deutschland	13,52667175	52,45859286	1	1	0,5	1	1	0	0	1
Wall_120226	Wall CT, Bundesallee, Friedrich-Wilhelm-Platz	Berlin	Bundesallee, Friedrich-Wilhelm-Platz	4 (0-24 Uhr)	12161	Deutschland	13,32793177	52,47256281	1	1	0,5	1	1	0	0	1
Wall_120227	Wall CT, Achillesstr.	Berlin	Achillesstr.	ggü. 59 (0-24 Uhr)	13125	Deutschland	13,48851	52,617635	1	1	0,5	1	1	0	0	1
Wall_120228	Wall CT, S-Bhf. Wilhelmshagen, Schönblicker Str.	Berlin	S-Bhf. Wilhelmshagen, Schönblicker Str.	(0-24 Uhr)	12589	Deutschland	13,72100464	52,43908174	1	1	0,5	1	1	0	0	1
Wall_120230	Wall CT, Eberbacher Str.	Berlin	Eberbacher Str.	24 (0-24 Uhr)	14197	Deutschland	13,30926853	52,47332458	1	1	0,5	1	1	0	0	1
Wall_120403	Wall CT, Weitlingstr.	Berlin	Weitlingstr.	2 (0-24 Uhr)	10317	Deutschland	13,4993597	52,51063188	1	1	0,5	1	1	0	0	1
Wall_120443	Toilette Grünberger Str.	Berlin	Boxhagener Platz, Gärtnerstr.	ggü. 12-13 (0-24 Uhr)	10245	Deutschland	13,46065563	52,51069716	1	0	0	0	0	0	0	5
Wall_120446	Wall CT, Breitenbachplatz	Berlin	Breitenbachplatz	8 (0-24 Uhr)	14195	Deutschland	13,30866482	52,46723679	1	1	0,5	1	1	0	0	1
Wall_120447	Wall CT, Griechische Allee	Berlin	Griechische Allee	2 (0-24 Uhr)	12459	Deutschland	13,51389091	52,46463708	1	1	0,5	1	1	0	0	1
Wall_120448	Wall CT, Hempelsteig	Berlin	Hempelsteig	hinter 1A (0-24 Uhr)	14052	Deutschland	13,240857	52,525505	1	1	0,5	1	1	0	0	1
Wall_120449	Wall CT, Goerzallee	Berlin	Goerzallee	1-3 (0-24 Uhr)	12207	Deutschland	13,30931569	52,43090189	1	1	0,5	1	1	0	0	1
Wall_120450	Wall CT, Munsterdamm	Berlin	Munsterdamm	(0-24 Uhr)	12157	Deutschland	13,34910572	52,45855306	1	1	0,5	1	1	0	0	1
Wall_120451	Wall CT, Ostpreußendamm	Berlin	Ostpreußendamm	83 (0-24 Uhr)	12207	Deutschland	13,30486876	52,41756857	1	1	0,5	1	1	0	0	1
Wall_120493	Wall CT, Steglitzer Damm	Berlin	Steglitzer Damm	vor 39/39a (0-24 Uhr)	12169	Deutschland	13,34281826	52,45068359	1	1	0,5	1	1	0	0	1
Wall_120495	Wall CT, S-Bhf. Wartenberg , Egon-Erwin-Kisch-Str.	Berlin	S-Bhf. Wartenberg , Egon-Erwin-Kisch-Str.	28 (0-24 Uhr)	13059	Deutschland	13,50467113	52,5733301	1	1	0,5	1	1	0	0	1
Wall_120496	Wall CT, Landsberger Allee	Berlin	Landsberger Allee	(0-24 Uhr)	10369	Deutschland	13,47069502	52,53100821	1	1	0,5	1	1	0	0	1
Wall_120497	Wall CT, S-Bhf. Karlshorst, Stolzenfelsstr.	Berlin	S-Bhf. Karlshorst, Stolzenfelsstr.	(0-24 Uhr)	10318	Deutschland	13,52601743	52,48132515	1	1	0,5	1	1	0	0	1
Wall_12050	Wall CT, Burgstr. (James-Simon-Park)	Berlin	Burgstr. (James-Simon-Park)	ggü. 28 (0-24 Uhr)	10178	Deutschland	13,40042936	52,52199959	1	1	0,5	1	0	0	0	2
Wall_12051	Toilette Bernauer Str. (DLRG-Rettungsstelle/Badestelle/Fähre) (ex. Bernauer Str. an der Badestelle (Reiswerder))	Berlin	Zufahrt Insel Reiswerder	(0-24 Uhr)	13629	Deutschland	13,25655556	52,56813889	1	0	0	0	0	0	0	5
Wall_120510	Wall CT, Boulevard Kastanienallee	Berlin	Boulevard Kastanienallee	(0-24 Uhr)	12619	Deutschland	13,60335231	52,53191205	1	1	0,5	1	1	0	0	1
Wall_120511	Wall CT, Attilaplatz, Attilastr.	Berlin	Attilaplatz, Attilastr.	ggü. 176 (0-24 Uhr)	12105	Deutschland	13,37599736	52,45591139	1	1	0,5	1	1	0	0	1
Wall_120512	Wall CT, Hranitzkistr.	Berlin	Hranitzkistr.	(0-24 Uhr)	12277	Deutschland	13,37109775	52,42251984	1	1	0,5	1	1	0	0	1
Wall_120737	Wall CT, Leipziger Straße Spittelmarkt	Berlin	Leipziger Straße Spittelmarkt	(0-24 Uhr)	10117	Deutschland	13,4007839	52,5116669	1	1	0,5	1	1	0	0	1
Wall_120738	Wall CT, Hermannplatz	Berlin	Hermannplatz	9 (0-24 Uhr)	10967	Deutschland	13,42529799	52,4876315	1	1	0,5	1	1	0	0	1
Wall_120739	Wall CT, Antonplatz, Berliner Allee	Berlin	Antonplatz, Berliner Allee	34 (0-24 Uhr)	13088	Deutschland	13,45123671	52,548166	1	1	0,5	1	1	0	0	1
Wall_120740	Wall CT, S-Bhf. Frohnau, Welfenallee	Berlin	S-Bhf. Frohnau, Welfenallee	1-5 (0-24 Uhr)	13465	Deutschland	13,28900793	52,6319858	1	1	0,5	1	1	0	0	1
Wall_120741	Wall CT, Rudower Chaussee	Berlin	Rudower Chaussee	1-3 (0-24 Uhr)	12489	Deutschland	13,53926	52,43443	1	1	0,5	1	1	0	0	1
Wall_120742	Wall CT, Neuendorfer Str.	Berlin	Neuendorfer Str.	2 (0-24 Uhr)	13585	Deutschland	13,20563531	52,54143399	1	1	0,5	1	1	0	0	1
Wall_120744	Wall CT, Hohenzollernplatz, Hohenzollerndamm	Berlin	Hohenzollernplatz, Hohenzollerndamm	199 (0-24 Uhr)	10717	Deutschland	13,32505638	52,49401382	1	1	0,5	1	1	0	0	1
Wall_120745	Wall CT, S-Bhf. Biesdorf, Wuhlgartenweg	Berlin	S-Bhf. Biesdorf, Wuhlgartenweg	(0-24 Uhr)	12683	Deutschland	13,55491781	52,51342021	1	1	0,5	1	1	0	0	1
Wall_120746	Wall CT, Innsbrucker Platz	Berlin	Innsbrucker Platz	(0-24 Uhr)	10825	Deutschland	13,34347128	52,47867558	1	1	0,5	1	1	0	0	1
Wall_120747	Wall CT, Wernsdorfer Str.	Berlin	Wernsdorfer Str.	ggü. 1 (0-24 Uhr)	12527	Deutschland	13,64932986	52,375817	1	1	0,5	1	1	0	0	1
Wall_120748	Wall CT, Winterfeldtplatz, Hohenstaufenstr.	Berlin	Winterfeldtplatz, Hohenstaufenstr.	1 (0-24 Uhr)	10781	Deutschland	13,35362219	52,494878	1	1	0,5	1	1	0	0	1
Wall_120749	Wall CT, George-Grosz-Platz, Kurfürstendamm	Berlin	George-Grosz-Platz, Kurfürstendamm	50 (0-24 Uhr)	10707	Deutschland	13,31733472	52,50148069	1	1	0,5	1	1	0	0	1
Wall_120750	Wall CT, Waldstr.	Berlin	Waldstr.	ggü. 89 (0-24 Uhr)	13156	Deutschland	13,40023511	52,58067317	1	1	0,5	1	1	0	0	1
Wall_120751	Wall CT, Fontanestr.	Berlin	Fontanestr.	(0-24 Uhr)	14193	Deutschland	13,263703	52,487504	1	1	0,5	1	1	0	0	1
Wall_120752	Wall CT, S+U-Bhf. Wuhletal, Altentreptower Str.	Berlin	S+U-Bhf. Wuhletal, Altentreptower Str.	(0-24 Uhr)	12621	Deutschland	13,57488685	52,51290074	1	1	0,5	1	1	0	0	1
Wall_120753	Wall CT, U-Bhf. Kienberg, Neue Grottkauer Str.	Berlin	U-Bhf. Kienberg, Neue Grottkauer Str.	(0-24 Uhr)	12619	Deutschland	13,59157784	52,52941862	1	1	0,5	1	1	0	0	1
Wall_120759	Wall CT, Quedlinburger Str.	Berlin	Quedlinburger Str.	hinter 1 (0-24 Uhr)	12627	Deutschland	13,60470183	52,53938547	1	1	0,5	1	1	0	0	1
Wall_120760	Wall CT, Hellersdorfer Str.	Berlin	Hellersdorfer Str.	227 (0-24 Uhr)	12627	Deutschland	13,60107193	52,53581896	1	1	0,5	1	1	0	0	1
Wall_120762	Wall CT, Elsterwerdaer Platz	Berlin	Elsterwerdaer Platz	1-3 (0-24 Uhr)	12683	Deutschland	13,56090832	52,50593948	1	1	0,5	1	1	0	0	1
Wall_120763	Wall CT, Helene-Weigel-Platz	Berlin	Helene-Weigel-Platz	4 (0-24 Uhr)	12681	Deutschland	13,53803013	52,52796839	1	1	0,5	1	1	0	0	1
Wall_120943	Wall CT, Metzer Platz	Berlin	Metzer Platz	ggü. 118 (0-24 Uhr)	13595	Deutschland	13,19701243	52,52440937	1	1	0,5	1	1	0	0	1
Wall_120944	Wall CT, Moritzstr.	Berlin	Moritzstr.	(0-24 Uhr)	13597	Deutschland	13,20111111	52,53833333	1	1	0,5	1	1	0	0	1
Wall_12101	Wall CT, Linkstr.	Berlin	Linkstr.	ggü. 10 (0-24 Uhr)	10785	Deutschland	13,37428942	52,50557041	1	1	0,5	1	0	0	0	2
Wall_121087	Wall CT, Wiltbergstr.	Berlin	Wiltbergstr.	19 (0-24 Uhr)	13125	Deutschland	13,49460645	52,63565558	1	1	0,5	1	1	0	0	1
Wall_121090	Wall CT, Schönhauser Allee	Berlin	Schönhauser Allee	hinter 137 (0-24 Uhr)	10437	Deutschland	13,41194057	52,54305267	1	1	0,5	1	1	0	0	1
Wall_121141	Wall CT, Am Weißen See, Parkstr.	Berlin	Am Weißen See, Parkstr.	ggü. 80 (0-24 Uhr)	13086	Deutschland	13,45874385	52,55557439	1	1	0,5	1	1	0	0	1
Wall_121168	Wall CT, Schillerpromenade	Berlin	Schillerpromenade	37 (0-24 Uhr)	12049	Deutschland	13,42199925	52,47758451	1	1	0,5	1	1	0	0	1
Wall_121169	Wall CT, Sonnenallee	Berlin	Sonnenallee	262 (0-24 Uhr)	12057	Deutschland	13,46431748	52,4703125	1	1	0,5	1	1	0	0	1
Wall_121170	Wall CT, Boddinplatz, Mainzer Str.	Berlin	Boddinplatz, Mainzer Str.	(0-24 Uhr)	12053	Deutschland	13,4284121	52,47991335	1	1	0,5	1	1	0	0	1
Wall_121238	Wall CT, Seestr.	Berlin	Seestr.	94 (0-24 Uhr)	13353	Deutschland	13,35159522	52,55038285	1	1	0,5	1	1	0	0	1
Wall_121945	Wall CT, Savignyplatz	Berlin	Savignyplatz	1 (0-24 Uhr)	10623	Deutschland	13,322725	52,505252	1	1	0,5	1	1	0	0	1
Wall_121946	Wall CT, Schönefelder Chaussee	Berlin	Schönefelder Chaussee	100 (0-24 Uhr)	12524	Deutschland	13,52751847	52,4109873	1	1	0,5	1	1	0	0	1
Wall_121947	Wall CT, Briesingstr.	Berlin	Briesingstr.	ggü. 1 (0-24 Uhr)	12307	Deutschland	13,39849866	52,38651785	1	1	0,5	1	1	0	0	1
Wall_121948	Wall CT, Kurt-Schumacher-Damm	Berlin	Kurt-Schumacher-Damm	(0-24 Uhr)	13627	Deutschland	13,29402034	52,53625419	1	1	0,5	1	1	0	0	1
Wall_121956	Wall CT, Bundesallee, Bundesplatz	Berlin	Bundesallee, Bundesplatz	6 (0-24 Uhr)	10715	Deutschland	13,32828671	52,47900696	1	1	0,5	1	1	0	0	1
Wall_122523	Wall CT, Am Treptower Park	Berlin	Am Treptower Park	ggü. 31-32 (0-24 Uhr)	12435	Deutschland	13,46437459	52,48746676	1	1	0,5	1	1	0	0	1
Wall_122524	Wall CT, S-Bhf. Friedrichshagen, Dahlwitzer Landstr.	Berlin	S-Bhf. Friedrichshagen, Dahlwitzer Landstr.	(0-24 Uhr)	12587	Deutschland	13,62535	52,457726	1	1	0,5	1	1	0	0	1
Wall_122525	Wall CT, Comeniusplatz, Torellstr.	Berlin	Comeniusplatz, Torellstr.	ggü. 1 (0-24 Uhr)	10243	Deutschland	13,44733616	52,51144617	1	1	0,5	1	1	0	0	1
Wall_122526	Wall CT, Traveplatz, Weichselstr.	Berlin	Traveplatz, Weichselstr.	ggü. 13-14 (0-24 Uhr)	10247	Deutschland	13,46902428	52,51123154	1	1	0,5	1	1	0	0	1
Wall_122527	Wall CT, Skalitzer Str.	Berlin	Skalitzer Str.	ggü. 6 (0-24 Uhr)	10997	Deutschland	13,43031102	52,49996024	1	1	0,5	1	1	0	0	1
Wall_122528	Wall CT, Alfred-Scholz-Platz, Richardstr.	Berlin	Alfred-Scholz-Platz, Richardstr.	1 (0-24 Uhr)	12043	Deutschland	13,438141	52,478802	1	1	0,5	1	1	0	0	1
Wall_122530	Wall CT, Turmstr.	Berlin	Turmstr.	ggü. 20a-21 (0-24 Uhr)	10178	Deutschland	13,34809497	52,52609309	1	1	0,5	1	1	0	0	1
Wall_122531	Wall CT, Invalidenstr.	Berlin	Invalidenstr.	ggü. 44 (0-24 Uhr)	10117	Deutschland	13,37816284	52,52895757	1	1	0,5	1	1	0	0	1
Wall_122586	Wall CT, Wittenbergplatz, Ansbacher Str.	Berlin	Wittenbergplatz, Ansbacher Str.	24 (0-24 Uhr)	10789	Deutschland	13,34272706	52,50246763	1	1	0,5	1	1	0	0	1
Wall_12776	Wall CT, Imchenplatz, Imchenallee	Berlin	Imchenplatz, Imchenallee	(0-24 Uhr)	14089	Deutschland	13,14891875	52,452525	1	1	0,2	1	0	0	0	2
Wall_1405	Wall CT, Lewishamstr.	Berlin	Lewishamstr.	(0-24 Uhr)	10627	Deutschland	13,30265926	52,50534718	1	1	0,5	1	0	0	0	2
Wall_2875	Wall CT, Edinburger Str.	Berlin	Edinburger Str.	38 (0-24 Uhr)	13349	Deutschland	13,3483289	52,55611129	1	1	0,5	1	0	0	0	2
Wall_3130	Wall CT, Kranoldplatz, Bendastr.	Berlin	Kranoldplatz, Bendastr.	(0-24 Uhr)	12051	Deutschland	13,43685584	52,46616766	1	1	0,5	1	0	0	0	2
Wall_31827	Wall CT, Helmholtzplatz, Raumerstr.	Berlin	Helmholtzplatz, Raumerstr.	ggü. 9 (0-24 Uhr)	10437	Deutschland	13,41865976	52,54289974	1	1	0,5	1	0	0	0	2
Wall_3351	Wall CT, Arnswalder Platz, Bötzowstr.	Berlin	Arnswalder Platz, Bötzowstr.	ggü. 51 (0-24 Uhr)	10407	Deutschland	13,43710799	52,53359529	1	1	0,5	1	0	0	0	2
Wall_3389	Wall CT, Unter den Linden	Berlin	Unter den Linden	76 (0-24 Uhr)	10117	Deutschland	13,38126945	52,51660919	1	1	0,5	1	0	0	0	2
Wall_3429	Wall CT, Am Falkplatz	Berlin	Am Falkplatz	ggü. 5 (0-24 Uhr)	10437	Deutschland	13,40542608	52,54676503	1	1	0,5	1	0	0	0	2
Wall_3430	Wall CT, Warschauer Str.	Berlin	Warschauer Str.	(0-24 Uhr)	10243	Deutschland	13,45063157	52,50761974	1	1	0,5	1	0	0	0	2
Wall_34517	Wall CT, Trakehner Allee	Berlin	Trakehner Allee	vor ggü. 3 (0-24 Uhr)	14053	Deutschland	13,2435201	52,512991	1	1	0,5	1	0	0	0	2
Wall_34519	Wall CT, Olympischer Platz	Berlin	Olympischer Platz	6 (0-24 Uhr)	14053	Deutschland	13,24459	52,51562	1	1	0,5	1	0	0	0	2
Wall_34521	Wall CT, Trakehner Allee	Berlin	Trakehner Allee	hinter ggü. 7 (0-24 Uhr)	14053	Deutschland	13,240781	52,5121801	1	1	0,5	1	0	0	0	2
Wall_3531	Wall CT, Möllendorffstr.	Berlin	Möllendorffstr.	(0-24 Uhr)	10367	Deutschland	13,47958581	52,5189996	1	1	0,5	1	0	0	0	2
Wall_5004	Wall CT, Kottbusser Tor, Kottbusser Str.	Berlin	Kottbusser Tor, Kottbusser Str.	1 (0-24 Uhr)	10999	Deutschland	13,41819811	52,4986247	1	1	0,2	1	0	0	0	2
Wall_5103	Wall CT, Alt-Tegel	Berlin	Alt-Tegel	1-3 (0-24 Uhr)	13507	Deutschland	13,28278846	52,58985277	1	1	0,5	1	0	0	0	2
Wall_5108	Wall CT, Berliner Allee	Berlin	Berliner Allee	ggü. 160 (0-24 Uhr)	13086	Deutschland	13,46625556	52,55261485	1	1	0,5	1	0	0	0	2
Wall_5120	Wall CT, Potsdamer Str.	Berlin	Potsdamer Str.	109 (0-24 Uhr)	10785	Deutschland	13,36306169	52,49987905	1	1	0,5	1	0	0	0	2
Wall_5133	Wall CT, Weitlingstr.	Berlin	Weitlingstr.	2 (0-24 Uhr)	10317	Deutschland	13,49979154	52,5110008	1	1	0,5	1	0	0	0	2
Wall_5134	Wall CT, S-Bhf. Pankow DB Florastr., Garbatyplatz	Berlin	S-Bhf. Pankow DB Florastr., Garbatyplatz	ggü. 2 (0-24 Uhr)	13187	Deutschland	13,41165058	52,56722589	1	1	0,5	1	0	0	0	2
Wall_5145	Wall CT, Stralsunder Str. (Fußgängerzone)	Berlin	Stralsunder Str. (Fußgängerzone)	61 (0-24 Uhr)	12623	Deutschland	13,39527778	52,53977778	1	1	0,5	1	0	0	0	2
Wall_5146	Wall CT, Thomashöhe, Thomasstr.	Berlin	Thomashöhe, Thomasstr.	ggü. 11-15 (0-24 Uhr)	12053	Deutschland	13,43890576	52,47371414	1	1	0,5	1	0	0	0	2
Wall_5152	Wall CT, Greenwichpromenade	Berlin	Greenwichpromenade	(0-24 Uhr)	13507	Deutschland	13,27262246	52,58902407	1	1	0,5	1	0	0	0	2
Wall_5157	Wall CT, Buschkrugallee	Berlin	Buschkrugallee	(0-24 Uhr)	12359	Deutschland	13,45201026	52,45215771	1	1	0,5	1	0	0	0	2
Wall_5174	Wall CT, Ungarnstr.	Berlin	Ungarnstr.	ggü. 58 (0-24 Uhr)	13349	Deutschland	13,35593646	52,555437	1	1	0,5	1	0	0	0	2
Wall_5176	Wall CT, Waltersdorfer Chaussee	Berlin	Waltersdorfer Chaussee	ggü. 5-7 (0-24 Uhr)	12355	Deutschland	13,49774032	52,41580884	1	1	0,5	1	0	0	0	2
Wall_5191	Wall CT, Hans-Rosenthal-Platz , Kufsteiner Str.	Berlin	Hans-Rosenthal-Platz , Kufsteiner Str.	(0-24 Uhr)	10825	Deutschland	13,33693	52,480497	1	1	0,5	1	0	0	0	2
Wall_5195	Wall CT, Greenwichpromenade	Berlin	Greenwichpromenade	(0-24 Uhr)	13507	Deutschland	13,27259722	52,58909756	1	1	0,5	1	0	0	0	2
Wall_5196	Wall CT, Leopoldplatz, Müllerstr.	Berlin	Leopoldplatz, Müllerstr.	ggü. 150 (0-24 Uhr)	13353	Deutschland	13,3586066	52,5470043	1	1	0,2	1	0	0	0	2
Wall_5197	Wall CT, Breite Str.	Berlin	Breite Str.	35 (0-24 Uhr)	13187	Deutschland	13,40734653	52,57025395	1	1	0,5	1	0	0	0	2
Wall_5205	Wall CT, Berkaer Str.	Berlin	Berkaer Str.	vor 1 (0-24 Uhr)	14199	Deutschland	13,29041806	52,47575169	1	1	0,5	1	0	0	0	2
Wall_5206	Wall CT, Badensche Str.	Berlin	Badensche Str.	29 (0-24 Uhr)	10715	Deutschland	13,32748453	52,48647695	1	1	0,5	1	0	0	0	2
Wall_5212	Wall CT, Rennbahnstr.	Berlin	Rennbahnstr.	ggü. 1-2 (0-24 Uhr)	13086	Deutschland	13,46589437	52,55719695	1	1	0,5	1	0	0	0	2
Wall_5214	Wall CT, Rathaus Spandau, Altstädter Ring	Berlin	Rathaus Spandau, Altstädter Ring	(0-24 Uhr)	13597	Deutschland	13,20042906	52,53547008	1	1	0,2	1	0	0	0	2
Wall_5233	Wall CT, Bosepark, Manteuffelstr.	Berlin	Bosepark, Manteuffelstr.	ggü. 9 (0-24 Uhr)	12103	Deutschland	13,377623	52,463965	1	1	0,5	1	0	0	0	2
Wall_5236	Wall CT, Londoner Str.	Berlin	Londoner Str.	ggü. 1 (0-24 Uhr)	13349	Deutschland	13,33763709	52,55885577	1	1	0,5	1	0	0	0	2
Wall_5238	Wall CT, Pankstr.	Berlin	Pankstr.	(0-24 Uhr)	13357	Deutschland	13,37798815	52,55068347	1	1	0,5	1	0	0	0	2
Wall_5239	Wall CT, Museumsinsel, Am Lustgarten	Berlin	Museumsinsel, Am Lustgarten	(0-24 Uhr)	10178	Deutschland	13,39989808	52,51946733	1	1	0,5	1	0	0	0	2
Wall_5329	Toilette Osnabrücker Str.	Berlin	Mierendorffplatz	(7-22 Uhr)	10589	Deutschland	13,30438889	52,52552778	1	1	0	0	0	0	0	5
Wall_5330	Toilette Budapester Str.	Berlin	Breitscheidplatz	(9-22 Uhr)	10789	Deutschland	13,33611111	52,50494444	1	1	0,5	0	0	0	0	3
Wall_5331	Toilette Joachimsthaler Str.	Berlin	Joachimsthaler Platz, Kurfürstendamm	226 (7-22 Uhr)	10719	Deutschland	13,33086111	52,50333333	1	0	0,5	0	0	0	0	3
Wall_5332	Toilette Olympischer Platz	Berlin	Olympiastadion, Gutsmuthsweg	(bei Veranst.)	14053	Deutschland	13,24402778	52,51422222	1	0	0	0	0	0	0	5
Wall_5333	Toilette Glockenturmstr. 1	Berlin	Waldbühne/Maifeld, Passenheimer Str.	(bei Veranst.)	14053	Deutschland	13,23063889	52,51361111	1	0	0	0	0	0	0	5
Wall_5335	Toilette Reichsstr.	Berlin	Theodor-Heuss-Platz	ggü. 4-6 (7-22 Uhr)	14052	Deutschland	13,272577	52,509679	1	0	0	0	0	0	0	5
Wall_5336	Toilette Aßmannstr. (Marktplatz Friedrichshagen)	Berlin	Bölschestr.	113 (7-22 Uhr)	12587	Deutschland	13,62458333	52,45066667	1	1	0	0	0	0	0	5
Wall_5338	Toilette Spielplatz	Berlin	Viktoriapark	(0-24 Uhr)	10965	Deutschland	13,37786111	52,4875	1	0	0	0	0	0	0	5
Wall_5339	Toilette	Berlin	Alexanderplatz	1 (7-22 Uhr)	10178	Deutschland	13,412954	52,521463	1	1	0,5	0	0	0	0	3
Wall_5340	Toilette Spandauer Str. (ggü. Nikolaiviertel)	Berlin	Rathausstr.	ggü. 17 (10-18 Uhr)	10178	Deutschland	13,40641667	52,51847222	1	1	0,5	0	0	0	0	3
Wall_5341	Toilette Gutschmidtstr. (am U-Bhf.)	Berlin	Britz-Süd , Fritz-Reuter-Allee	(7-22 Uhr)	12351	Deutschland	13,44738889	52,43736111	1	0	0	0	0	0	0	5
Wall_5342	Toilette Sonnenallee	Berlin	Elbestr.	39 (7-22 Uhr)	12045	Deutschland	13,438239	52,482874	1	0	0	0	0	0	0	5
Wall_5343	Toilette Residenzstr.	Berlin	Schäfersee , Am Schäfersee	ggü. 1 (7-22 Uhr)	13407	Deutschland	13,36380556	52,56416667	1	0	0	0	0	0	0	5
Wall_5344	Toilette Burscheider Weg	Berlin	Haselhorster Damm	23 (0-24 Uhr)	13599	Deutschland	13,23827778	52,54447222	1	1	0	0	0	0	0	5
Wall_5345	Toilette Quellweg	Berlin	Jugendplatz , Jugendweg	(0-24 Uhr)	13629	Deutschland	13,26988889	52,53784722	1	0	0	0	0	0	0	5
Wall_5346	Toilette Obstallee	Berlin	Magistratsweg	8a (0-24 Uhr)	13593	Deutschland	13,16316667	52,52125	1	1	0	0	0	0	0	5
Wall_5347	Toilette Breite Str.	Berlin	Mönchstr.	8 (7-22 Uhr)	13597	Deutschland	13,20548611	52,53763889	1	1	0	0	0	0	0	5
Wall_5348	Toilette Breite Str.	Berlin	Spandauer Markt , Markt	5 (7-22 Uhr)	13597	Deutschland	13,20502778	52,53686111	1	0	0,2	0	0	0	0	3
Wall_5349	Toilette Holbeinstr. (Ludwig-Beck-Platz)	Berlin	Moltkestr.	(7-22 Uhr)	12203	Deutschland	13,31208333	52,44266667	1	0	0	0	0	0	0	5
Wall_5350	Toilette Oswald-Schumann-Platz (Tiergarten)	Berlin	Altonaer Str.	(0-24 Uhr)	10557	Deutschland	13,34522222	52,51555556	1	0	0	0	0	0	0	5
Wall_5351	Toilette Großer Stern	Berlin	Großer Stern (Haus C) , Str. des 17. Juni	(7-22 Uhr)	10785	Deutschland	13,34841667	52,51423611	1	0	0	0	0	0	0	5
Wall_5353	Toilette Konstanzer Str.	Berlin	Preußenpark , Brandenburgische Str.	(7-22 Uhr)	10707	Deutschland	13,310916	52,493104	1	1	0	0	0	0	0	5
Wall_5354	Toilette Livländische Str.	Berlin	Volkspark Wilmersdorf , Am Volkspark	(7-22 Uhr)	10715	Deutschland	13,326417	52,48288	1	0	0	0	0	0	0	5
Wall_5355	Toilette Anlegestelle Wannsee (hi. Kronprinzessinenweg)	Berlin	Wannsee , Rönnebypromenade	(07-22 Uhr)	14109	Deutschland	13,17622222	52,42147222	1	0	0,5	0	0	0	0	5
Wall_5356	Toilette Arndtstr.	Berlin	Chamissoplatz	1 (0-24 Uhr)	10965	Deutschland	13,39090278	52,48852778	1	0	0	0	0	0	0	4
Wall_5358	Toilette Karl-Marx-Str.	Berlin	Kirchhofstr.	(0-24 Uhr)	12051	Deutschland	13,44138889	52,47155556	1	0	0	0	0	0	0	4
Wall_5359	Toilette Fellbacher Str.	Berlin	Fellbacher Platz , Heinsestr.	(0-24 Uhr)	13467	Deutschland	13,30761111	52,61613889	1	0	0	0	0	0	0	4
Wall_5360	Toilette Schloßstr.	Berlin	Berliner Str.	105-106 (0-24 Uhr)	13507	Deutschland	13,283026	52,590697	1	0	0	0	0	0	0	4
Wall_5361	Toilette Mariendorfer Damm	Berlin	Friedenstr.	(0-24 Uhr)	12107	Deutschland	13,386907	52,438695	1	0	0	0	0	0	0	4
Wall_5362	Toilette Havelberger Str.	Berlin	Stephanplatz , Stephanstr.	(0-24 Uhr)	10559	Deutschland	13,34701389	52,53352778	1	0	0	0	0	0	0	4
Wall_5363	Toilette Oldenburger Str.	Berlin	Unionplatz , Siemensstr.	(0-24 Uhr)	10551	Deutschland	13,33677778	52,53322222	1	0	0	0	0	0	0	4
Wall_5364	Toilette Kiautschoustr.	Berlin	Pekinger Platz , Nordufer	(0-24 Uhr)	13353	Deutschland	13,35325	52,53990278	1	0	0	0	0	0	0	4
Wall_5365	Toilette Scholzplatz stew. (ex. Scholzplatz)	Berlin	Heerstr.	(0-24 Uhr)	14055	Deutschland	13,22763889	52,5065	1	0	0	0	0	0	0	5
Wall_5366	Toilette Wilmersdorfer Str. staw. (Parkplatz)	Berlin	Schillerstr.	(0-24 Uhr)	10625	Deutschland	13,30673611	52,51016667	1	0	0	0	0	0	0	5
Wall_5367	Toilette Haus Nr. 63-65 (Badestelle Saatwinkel) (ex. Saatwinkel)	Berlin	Im Saatwinkel	(0-24 Uhr)	13599	Deutschland	13,24652778	52,56166667	1	0	0	0	0	0	0	5
Wall_5368	Toilette verlängerte Sterkrader Str.	Berlin	Flughafensee Tegel , Schwarzer Weg	(0-24 Uhr)	13507	Deutschland	13,28552778	52,57077778	1	0	0	0	0	0	0	5
Wall_5369	Toilette Zufahrt Insel Scharfenberg/Freibad Tegeler See (ex. Strandbad Tegel)	Berlin	Schwarzer Weg	(0-24 Uhr)	13505	Deutschland	13,24322222	52,576	1	0	0	0	0	0	0	5
Wall_5370	Toilette Revierförsterei Tegelsee/Parkplatz (ex. Revierförsterei Tegel Schwarzer Weg)	Berlin	Schwarzer Weg	71 (0-24 Uhr)	13505	Deutschland	13,25380556	52,58538889	1	0	0	0	0	0	0	5
Wall_5371	Toilette Uferweg (Große Badewiese) (ex. Große Badewiese/Waldschluchtpfad)	Berlin	verlängerter Waldschluchtpfad	(0-24 Uhr)	14089	Deutschland	13,18155556	52,46983333	1	0	0	0	0	0	0	5
Wall_5373	Toilette Haus Nr. 15 (ex. Groß Glienicker See/Badewiese)	Berlin	Groß Glienicker See , Uferpromenade	(0-24 Uhr)	14089	Deutschland	13,119	52,47119444	1	0	0	0	0	0	0	5
Wall_5374	Toilette Im Dohl (Groß Glienicker See/DLRG-Wasserrettungsstation) (ex. Groß Glienicker See/Pferdek.)	Berlin	Groß Glienicker See , verlängerte Uferpromenade	(0-24 Uhr)	14089	Deutschland	13,11545833	52,46125	1	0	0	0	0	0	0	5
Wall_5376	Toilette Bürgerablage (Badestelle)	Berlin	Bürgerablage , Niederneuendorfer Allee	80 (0-24 Uhr)	13587	Deutschland	13,21008333	52,58522222	1	0	0	0	0	0	0	5
Wall_5377	Toilette Uferpromenade (ex. Aalemannkanal)	Berlin	Rustweg	(0-24 Uhr)	13587	Deutschland	13,21916667	52,57538889	1	0	0	0	0	0	0	5
Wall_5378	Toilette Tiergarten-Unterschleuse (ex. Tiergarten Schleuse)	Berlin	Großer Tiergarten , Tiergartenufer	(0-24 Uhr)	10787	Deutschland	13,33672222	52,51261111	1	0	0	0	0	0	0	5
Wall_5379	Toilette Spreeweg (Tiergarten Spielplatz) (ex. Tiergarten Spielplatz)	Berlin	Großer Tiergarten , Bellevueallee	(0-24 Uhr)	10557	Deutschland	13,35663889	52,51633333	1	0	0	0	0	0	0	5
Wall_5381	Toilette Transvaalstr. (Plötzensee/Volkspark Rehberge) (ex. Dohnagestell / Plötzensee)	Berlin	Dohnagestell	(0-24 Uhr)	13351	Deutschland	13,32997222	52,54672222	1	0	0	0	0	0	0	5
Wall_5382	Toilette Hüttenweg/AVUS A115	Berlin	Kronprinzessinnenweg	(0-24 Uhr)	14193	Deutschland	13,23525	52,46897222	1	0	0	0	0	0	0	5
Wall_5383	Toilette (Wanderwegekreuzung mit Umgehungschaussee) (ex.Grunewaldsee Ost)	Berlin	Grunewaldsee-Ostufer	(0-24 Uhr)	14193	Deutschland	13,26611111	52,47180556	1	0	0	0	0	0	0	5
Wall_5384	Toilette Parkplatz Lieper Bucht (ex. Lieper Bucht/Parkplatz Havelchaussee)	Berlin	Havelchaussee	(0-24 Uhr)	14193	Deutschland	13,19816667	52,4695	1	0	0	0	0	0	0	5
Wall_5385	Toilette Friedenthalpark (Badewiese Halensee) (ex. Halensee/Badewiese)	Berlin	Halensee , Halenseestr.	(0-24 Uhr)	14193	Deutschland	13,28333333	52,49561111	1	0	0	0	0	0	0	5
Wall_5386	Toilette Neuer Schildhornweg (Badewiese Teufelssee) (ex. Teufelssee)	Berlin	Teufelssee , Schildhornweg	(0-24 Uhr)	14193	Deutschland	13,23469444	52,48952778	1	0	0	0	0	0	0	5
Wall_5387	Toilette Parkplatz Große Steinlake	Berlin	Havelchaussee	(0-24 Uhr)	14109	Deutschland	13,18988889	52,45458333	1	0	0	0	0	0	0	5
Wall_5388	Toilette Wasserrettungsstation Heckeshorn/Großer Wannsee	Berlin	Heckeshorn , Uferweg	(0-24 Uhr)	14109	Deutschland	13,16505556	52,43480556	1	0	0	0	0	0	0	5
Wall_5389	Toilette Pfaueninselchaussee (Wasserrettungsstation Jagen 97)	Berlin	Uferpromenade	(0-24 Uhr)	14109	Deutschland	13,12941667	52,42938889	1	0	0	0	0	0	0	5
Wall_5390	Toilette Heuweg (Wasserrettungsstation Alter Hof/Jagen 95)	Berlin	Uferpromenade	(0-24 Uhr)	14109	Deutschland	13,14322222	52,43241667	1	0	0	0	0	0	0	5
Wall_5391	Toilette Parkplatz Südufer Krumme Lanke	Berlin	Krumme Lanke , Fischerhüttenweg	(0-24 Uhr)	14193	Deutschland	13,22883333	52,44775	1	0	0	0	0	0	0	5
Wall_5392	Toilette Paul-Ernst-Park (Schlachtensee)	Berlin	Schlachtensee , Am Schlachtensee	(0-24 Uhr)	14129	Deutschland	13,21547222	52,44077778	1	0	0	0	0	0	0	5
Wall_5393	Toilette Schönhauser Allee	Berlin	Senefelderplatz , Metzer Str.	(0-24 Uhr)	10119	Deutschland	13,41288889	52,53244444	1	0	0	0	0	0	0	4
Wall_5394	Toilette Haus Nr. 59 (Badestelle/Rettungsstelle Havel) (ex. Heiligensee/Badewiese)	Berlin	Sandhauser Str.	(0-24 Uhr)	13503	Deutschland	13,22155556	52,59436111	1	0	0	0	0	0	0	5
Wall_54774	Toilette Dr.-Kleusberg-Promenade	Berlin	Scharfe Lanke	ggü. 133 B (0-24 Uhr)	13589	Deutschland	13,18521	52,50165	1	0	0	0	0	0	0	5
Fremd_1	Toilette Am Denkmal für die ermordeten Juden Europas (Hannah-Arendt-Straße | Ecke Cora-Berliner-Straße)	Berlin	Am Denkmal für die ermordeten Juden Europas (Hannah-Arendt-Straße | Ecke Cora-Berliner-Straße)		10117	Deutschland	13,38045	52,51376	0	1	0	0	0	0	0	6
Fremd_10	Toilette Tempelhofer Feld	Berlin	Tempelhofer Feld		10965	Deutschland	13,40874	52,4793	0	0	0	0	0	0	0	6
Fremd_12	Toilette Wannsee (Sommerbetrieb)	Berlin	Wannsee (Sommerbetrieb)		14129	Deutschland	13,17935	52,43684	0	0	0	0	0	0	0	6
Fremd_13	Toilette Leopoldplatz (Schulstraße | Turiner Straße)	Berlin	Leopoldplatz (Schulstraße | Turiner Straße)		13347	Deutschland	13,36125	52,54789	0	1	0,1	1	0	0	0	6
Fremd_15	Toilette Volkspark Friedrichshain | Neuer Hain	Berlin	Volkspark Friedrichshain | Neuer Hain		10249	Deutschland	13,43486	52,52773	0	1	0	0	0	0	0	6
Fremd_16	Toilette Oranienplatz	Berlin	Oranienplatz		10969	Deutschland	13,41514	52,50263	0	0	0	0	0	0	0	6
Fremd_17	Toilette Cuvrystraße	Berlin	Cuvrystraße		10997	Deutschland	13,44417	52,49827	0	0	0	0	0	0	0	6
Fremd_18	Toilette Mariannenplatz	Berlin	Mariannenplatz		10997	Deutschland	13,42465	52,5031	0	1	0	0	0	0	0	6
Fremd_19	Toilette Kleiner Tiergarten | Stromstraße	Berlin	Kleiner Tiergarten | Stromstraße		10551	Deutschland	13,34312	52,52585	0	0	0	0	0	0	0	6
Fremd_2	Toilette Ehemaliger Garnisonfriedhof | Müllerstraße	Berlin	Ehemaliger Garnisonfriedhof | Müllerstraße		13347	Deutschland	13,35924	52,54892	0	0	0	0	0	0	0	6
Fremd_3	Toilette Park am Gleisdreieck	Berlin	Park am Gleisdreieck		10963	Deutschland	13,37306	52,49629	0	1	0	0	0	0	0	6
Fremd_4	Toilette Park am Gleisdreieck	Berlin	Park am Gleisdreieck		10963	Deutschland	13,3769	52,49502	0	1	0	0	0	0	0	6
Fremd_5	Toilette Tempelhofer Feld	Berlin	Tempelhofer Feld		12049	Deutschland	13,41755	52,47681	0	1	0	0	0	0	0	6
Fremd_6	Toilette Tempelhofer Feld	Berlin	Tempelhofer Feld		12049	Deutschland	13,41766	52,47019	0	1	0	0	0	0	0	6
Fremd_7	Toilette Tempelhofer Feld	Berlin	Tempelhofer Feld		12101	Deutschland	13,38677	52,4713	0	1	0	0	0	0	0	6
Fremd_8	Toilette Tempelhofer Feld	Berlin	Tempelhofer Feld		10965	Deutschland	13,40995	52,4794	0	1	0	0	0	0	0	6
Fremd_9	Toilette Tempelhofer Feld	Berlin	Tempelhofer Feld		10965	Deutschland	13,40423	52,4817	0	0	0	0	0	0	0	6